stats_g/std,stats_g/mean,epoch,stats_o/std,train/episode,test/episode,train/success_rate,test/success_rate,stats_o/mean,test/mean_Q
0.14897116,0.74083906,0,0.06848808,20.0,20.0,0.025,0.0,0.16879621,-1.5025156
0.1483296,0.73452324,1,0.06752243,40.0,40.0,0.0,0.0,0.1665675,-1.927722
0.13794897,0.7389701,2,0.06536035,60.0,60.0,0.0,0.0,0.16865452,-2.3266926
0.13250361,0.7414704,3,0.06380434,80.0,80.0,0.0,0.0,0.16846107,-2.8060627
0.12764949,0.74142885,4,0.06317224,100.0,100.0,0.0,0.0,0.16907243,-3.149972
0.12484965,0.7428495,5,0.062408283,120.0,120.0,0.0,0.0,0.16879854,-3.6098475
0.12276103,0.74265575,6,0.06226887,140.0,140.0,0.0,0.025,0.16989845,-3.9700015
0.11989526,0.7424145,7,0.06221962,160.0,160.0,0.0,0.0,0.17067358,-4.087839
0.12102602,0.7426694,8,0.06254883,180.0,180.0,0.025,0.0,0.17082062,-4.805291
0.12011594,0.7425218,9,0.062300652,200.0,200.0,0.0,0.0,0.17063123,-5.4023123
0.11879387,0.74257666,10,0.061936088,220.0,220.0,0.0,0.0,0.17055272,-5.6414742
0.120383926,0.7420978,11,0.06312346,240.0,240.0,0.0,0.025,0.17044489,-5.863189
0.11922815,0.74283785,12,0.062780544,260.0,260.0,0.0,0.0,0.1703242,-6.541815
0.11850474,0.7435906,13,0.06252213,280.0,280.0,0.0,0.0,0.16995148,-6.9203415
0.12047931,0.7427594,14,0.06419341,300.0,300.0,0.0,0.0,0.16976841,-6.897533
0.11981142,0.7422891,15,0.06436693,320.0,320.0,0.0,0.0,0.17001267,-7.44831
0.11929553,0.7426073,16,0.06415317,340.0,340.0,0.0,0.0,0.17029898,-8.008272
0.11911538,0.742891,17,0.06397304,360.0,360.0,0.0,0.0,0.17029089,-8.446611
0.11862061,0.7423958,18,0.063788995,380.0,380.0,0.0,0.0,0.17043312,-8.79229
0.11897484,0.74241227,19,0.063675255,400.0,400.0,0.0,0.0,0.17044678,-9.111307
0.12070174,0.74281335,20,0.06418144,420.0,420.0,0.05,0.025,0.17079253,-8.94273
0.12035703,0.7428538,21,0.06395324,440.0,440.0,0.0,0.0,0.17070906,-10.073191
0.12027251,0.7431402,22,0.0649014,460.0,460.0,0.0,0.0,0.17068058,-10.229631
0.1210663,0.7440333,23,0.06487929,480.0,480.0,0.0,0.05,0.17063284,-9.553658
0.12039819,0.7438326,24,0.06471393,500.0,500.0,0.0,0.025,0.17077914,-10.895056
0.1216791,0.74425554,25,0.065078676,520.0,520.0,0.0,0.0,0.17085142,-11.152143
0.122611634,0.7443402,26,0.0663282,540.0,540.0,0.0,0.025,0.1708558,-11.213308
0.12279595,0.7443184,27,0.06621912,560.0,560.0,0.0,0.0,0.1708991,-11.826387
0.12469383,0.7442515,28,0.06679245,580.0,580.0,0.0,0.0,0.1709928,-12.157003
0.12462815,0.74454194,29,0.06672775,600.0,600.0,0.0,0.0,0.17109178,-12.635542
0.12652208,0.74448377,30,0.067202665,620.0,620.0,0.0,0.0,0.17126594,-12.082125
0.12642655,0.7449158,31,0.06733567,640.0,640.0,0.0,0.0,0.17145985,-12.601038
0.12725277,0.7455235,32,0.06763562,660.0,660.0,0.0,0.0,0.17153884,-12.918133
0.12963836,0.7454126,33,0.068177894,680.0,680.0,0.0,0.025,0.17153278,-13.126835
0.13091332,0.7461133,34,0.068449266,700.0,700.0,0.0,0.025,0.17170782,-13.991701
0.13142474,0.7466218,35,0.068536766,720.0,720.0,0.0,0.025,0.17180958,-13.65197
0.13167761,0.7469134,36,0.068580456,740.0,740.0,0.0,0.0,0.1718584,-14.239449
0.13253807,0.7472157,37,0.068745546,760.0,760.0,0.025,0.0,0.17180145,-14.205725
0.13240366,0.7472345,38,0.06902453,780.0,780.0,0.0,0.025,0.17188291,-14.147842
0.13302617,0.7472422,39,0.06911309,800.0,800.0,0.0,0.0,0.17178679,-15.640545
0.13394797,0.74748737,40,0.06946868,820.0,820.0,0.0,0.025,0.17182492,-15.156571
0.13501011,0.7482734,41,0.0698907,840.0,840.0,0.0,0.0,0.17202784,-16.569742
0.1372966,0.7481896,42,0.07048709,860.0,860.0,0.025,0.0,0.17198241,-15.311424
0.13943616,0.748358,43,0.07099025,880.0,880.0,0.0,0.0,0.17211685,-16.115889
0.14078397,0.7491017,44,0.071482815,900.0,900.0,0.0,0.025,0.17233238,-16.03746
0.14121519,0.74899405,45,0.07229976,920.0,920.0,0.025,0.075,0.17228933,-15.688464
0.1418334,0.7493139,46,0.07279298,940.0,940.0,0.025,0.05,0.17230368,-16.290592
0.14223468,0.7495713,47,0.07310412,960.0,960.0,0.025,0.05,0.17239395,-15.779046
0.14320946,0.74962264,48,0.07412963,980.0,980.0,0.0,0.0,0.17250183,-16.029716
0.14364308,0.74948686,49,0.07456191,1000.0,1000.0,0.0,0.025,0.17243816,-17.43921
0.14362192,0.7498463,50,0.07452787,1020.0,1020.0,0.025,0.05,0.17266539,-15.617378
0.14398722,0.74974394,51,0.07460669,1040.0,1040.0,0.0,0.0,0.17271149,-17.667183
0.14456615,0.7499047,52,0.07546112,1060.0,1060.0,0.0,0.0,0.17277062,-17.28489
0.14509204,0.7499376,53,0.076038025,1080.0,1080.0,0.0,0.025,0.17284283,-16.995058
0.14648183,0.7499003,54,0.07679656,1100.0,1100.0,0.05,0.05,0.17273666,-17.347233
0.14686163,0.7501833,55,0.077208,1120.0,1120.0,0.0,0.0,0.17282446,-17.874466
0.14719969,0.75034136,56,0.07762,1140.0,1140.0,0.0,0.025,0.17283863,-18.220676
0.14718233,0.75051755,57,0.07750794,1160.0,1160.0,0.0,0.025,0.17284797,-20.278751
0.14799328,0.7508871,58,0.07830178,1180.0,1180.0,0.025,0.0,0.17296538,-18.503529
0.14824776,0.7513153,59,0.0783254,1200.0,1200.0,0.05,0.075,0.17304678,-17.489174
0.14841853,0.75206965,60,0.078475416,1220.0,1220.0,0.025,0.025,0.17317984,-17.761236
0.14903654,0.75232536,61,0.07858059,1240.0,1240.0,0.05,0.0,0.17319411,-18.935566
0.14969294,0.7526982,62,0.078948304,1260.0,1260.0,0.025,0.05,0.17333885,-18.126263
0.15034278,0.7531366,63,0.079801664,1280.0,1280.0,0.0,0.07500000000000001,0.17347318,-18.669445
0.15064572,0.75392014,64,0.08011515,1300.0,1300.0,0.05,0.05,0.17363758,-15.944456
0.15111506,0.75419337,65,0.08053092,1320.0,1320.0,0.05,0.125,0.17369945,-16.497833
0.15130474,0.75478595,66,0.08097959,1340.0,1340.0,0.05,0.05,0.1737462,-18.785072
0.15216441,0.75536203,67,0.081336394,1360.0,1360.0,0.025,0.025,0.17390938,-18.880775
0.15222074,0.7552789,68,0.08141006,1380.0,1380.0,0.0,0.0,0.17399003,-19.29824
0.1527348,0.7554057,69,0.08186498,1400.0,1400.0,0.025,0.15000000000000002,0.17406525,-18.251564
0.15322061,0.7552512,70,0.08199307,1420.0,1420.0,0.07500000000000001,0.05,0.17413001,-19.319307
0.15381695,0.7552945,71,0.08236728,1440.0,1440.0,0.0,0.025,0.17416577,-21.29493
0.15448835,0.75545615,72,0.082997836,1460.0,1460.0,0.05,0.0,0.17418362,-20.8439
0.15540649,0.7561596,73,0.08355656,1480.0,1480.0,0.025,0.025,0.17436832,-17.018215
0.15600897,0.7566083,74,0.08392068,1500.0,1500.0,0.0,0.07500000000000001,0.17440376,-18.618551
0.15690467,0.7568783,75,0.08439736,1520.0,1520.0,0.05,0.0,0.17449766,-19.842636
0.15802476,0.75773597,76,0.0853859,1540.0,1540.0,0.05,0.0,0.174698,-16.763813
0.15873627,0.7583184,77,0.08587646,1560.0,1560.0,0.05,0.05,0.17483921,-19.155018
0.1596389,0.75893754,78,0.08632976,1580.0,1580.0,0.05,0.07500000000000001,0.17501444,-19.46341
0.1601368,0.7589398,79,0.08647923,1600.0,1600.0,0.07500000000000001,0.07500000000000001,0.17509878,-19.655323
0.16045712,0.7593128,80,0.08731106,1620.0,1620.0,0.0,0.1,0.17526782,-17.179752
0.16122201,0.7599142,81,0.08770483,1640.0,1640.0,0.05,0.07500000000000001,0.17544022,-18.953915
0.16212651,0.76032144,82,0.088018835,1660.0,1660.0,0.07500000000000001,0.07500000000000001,0.1755269,-19.678282
0.1626907,0.76071566,83,0.08813848,1680.0,1680.0,0.05,0.07500000000000001,0.1756609,-18.543467
0.16358769,0.7607887,84,0.089188375,1700.0,1700.0,0.025,0.025,0.17569324,-20.526981
0.16469276,0.76154375,85,0.090012506,1720.0,1720.0,0.05,0.125,0.17586608,-16.674065
0.1653236,0.7621608,86,0.09051342,1740.0,1740.0,0.025,0.15000000000000002,0.17602436,-18.598446
0.16557012,0.7627368,87,0.09061057,1760.0,1760.0,0.0,0.07500000000000001,0.17610766,-17.338526
0.16637091,0.76314306,88,0.09105092,1780.0,1780.0,0.1,0.1,0.17622748,-20.276405
0.16721065,0.76385903,89,0.09136899,1800.0,1800.0,0.05,0.1,0.17641076,-19.010178
0.16779532,0.7641905,90,0.091615066,1820.0,1820.0,0.1,0.075,0.176507,-16.26719
0.16912603,0.7645769,91,0.09196918,1840.0,1840.0,0.07500000000000001,0.07500000000000001,0.17659985,-17.575924
0.17059027,0.7645814,92,0.092602685,1860.0,1860.0,0.05,0.07500000000000001,0.17663851,-16.888329
0.17147885,0.7646744,93,0.09317874,1880.0,1880.0,0.1,0.07500000000000001,0.17668636,-18.032818
0.17211348,0.76485544,94,0.09365804,1900.0,1900.0,0.05,0.05,0.17671317,-19.57182
0.17311603,0.7646224,95,0.09390023,1920.0,1920.0,0.07500000000000001,0.1,0.17669746,-18.167341
0.17355959,0.76469976,96,0.09395968,1940.0,1940.0,0.025,0.07500000000000001,0.1766658,-16.567917
0.1737988,0.7651377,97,0.0940599,1960.0,1960.0,0.025,0.175,0.17678969,-16.097008
0.174008,0.7654142,98,0.09426992,1980.0,1980.0,0.07500000000000001,0.1,0.17680225,-16.479
0.17467563,0.76589465,99,0.0943929,2000.0,2000.0,0.025,0.07500000000000001,0.17685829,-16.289997
0.17521895,0.7662339,100,0.094588816,2020.0,2020.0,0.0,0.1,0.17688467,-17.47055
0.17603578,0.7663517,101,0.09497388,2040.0,2040.0,0.125,0.175,0.17684118,-16.436893
0.1768771,0.7667597,102,0.0953553,2060.0,2060.0,0.075,0.125,0.17694342,-17.288834
0.17705075,0.76692444,103,0.09541957,2080.0,2080.0,0.1,0.15000000000000002,0.17697927,-16.579193
0.17749558,0.76711446,104,0.0954043,2100.0,2100.0,0.075,0.125,0.17702219,-16.853092
0.17784743,0.7671568,105,0.09542265,2120.0,2120.0,0.025,0.025,0.17705551,-19.19454
0.17820553,0.7676341,106,0.09556613,2140.0,2140.0,0.05,0.05,0.17714179,-17.445143
0.17820603,0.7679753,107,0.09557448,2160.0,2160.0,0.1,0.15000000000000002,0.17718191,-17.123138
0.17874295,0.7681689,108,0.09610879,2180.0,2180.0,0.05,0.25,0.17720047,-15.581726
0.1785791,0.7684789,109,0.096060306,2200.0,2200.0,0.1,0.25,0.1772967,-14.307955
0.17878132,0.76882887,110,0.09644395,2220.0,2220.0,0.05,0.22499999999999998,0.17736539,-16.43987
0.17868656,0.7691124,111,0.096302785,2240.0,2240.0,0.05,0.15000000000000002,0.17741433,-17.71791
0.1784299,0.769401,112,0.09629029,2260.0,2260.0,0.125,0.3,0.17748164,-14.57818
0.17849548,0.76991415,113,0.096505746,2280.0,2280.0,0.05,0.125,0.17756766,-16.91271
0.17845766,0.77025443,114,0.09639774,2300.0,2300.0,0.125,0.15,0.17761777,-15.4667425
0.1784728,0.7704685,115,0.09630497,2320.0,2320.0,0.1,0.07500000000000001,0.17762408,-18.327461
0.17851861,0.7707997,116,0.09628089,2340.0,2340.0,0.025,0.125,0.17770325,-16.704626
0.17848451,0.7710622,117,0.09623835,2360.0,2360.0,0.05,0.22499999999999998,0.1777658,-16.120787
0.17829096,0.7714806,118,0.096103884,2380.0,2380.0,0.05,0.25,0.1778666,-16.573841
0.17827761,0.77182835,119,0.09617247,2400.0,2400.0,0.025,0.075,0.17793724,-18.724087
0.17868133,0.7720704,120,0.09627591,2420.0,2420.0,0.07500000000000001,0.1,0.17798913,-15.863931
0.178492,0.77240205,121,0.096176885,2440.0,2440.0,0.175,0.225,0.17806713,-16.229744
0.17836429,0.7728498,122,0.09615838,2460.0,2460.0,0.025,0.375,0.17819004,-14.507577
0.17856033,0.7730012,123,0.09635703,2480.0,2480.0,0.1,0.15,0.17819703,-17.19955
0.17885546,0.7733259,124,0.09667744,2500.0,2500.0,0.07500000000000001,0.1,0.17824276,-17.757591
0.17870414,0.77361035,125,0.096583985,2520.0,2520.0,0.05,0.125,0.17826304,-20.285873
0.17876762,0.77376777,126,0.09664414,2540.0,2540.0,0.07500000000000001,0.225,0.17833287,-15.986577
0.17852788,0.77421904,127,0.09662076,2560.0,2560.0,0.1,0.1,0.17843226,-16.840954
0.1787036,0.77448153,128,0.096673764,2580.0,2580.0,0.125,0.1,0.17845644,-16.62109
0.17860432,0.77491885,129,0.09661874,2600.0,2600.0,0.07500000000000001,0.15000000000000002,0.17850842,-16.219862
0.17869754,0.7753031,130,0.09662856,2620.0,2620.0,0.075,0.25,0.17856815,-14.684492
0.17865069,0.7757357,131,0.096587665,2640.0,2640.0,0.15,0.2,0.17864904,-15.376153
0.17841344,0.776128,132,0.09645843,2660.0,2660.0,0.07500000000000001,0.3,0.17872523,-14.73254
0.17838961,0.7763991,133,0.09642131,2680.0,2680.0,0.15000000000000002,0.3,0.17875208,-15.443862
0.1785586,0.77670115,134,0.09655057,2700.0,2700.0,0.075,0.32499999999999996,0.17882054,-14.23325
0.178626,0.7769485,135,0.09669445,2720.0,2720.0,0.05,0.125,0.1788928,-17.23196
0.17848122,0.7773308,136,0.09659407,2740.0,2740.0,0.125,0.175,0.17896777,-15.861955
0.17844342,0.7776243,137,0.096610785,2760.0,2760.0,0.025,0.2,0.17905465,-17.045609
0.17855997,0.7777454,138,0.09668303,2780.0,2780.0,0.15000000000000002,0.3,0.1790305,-16.391083
0.17831212,0.7780578,139,0.096560344,2800.0,2800.0,0.125,0.275,0.17908314,-15.320429
0.17822845,0.7783983,140,0.0966957,2820.0,2820.0,0.15000000000000002,0.2,0.17916504,-17.693846
0.17812489,0.7787028,141,0.09672493,2840.0,2840.0,0.15000000000000002,0.35,0.17921425,-15.129736
0.17804204,0.7789692,142,0.09668135,2860.0,2860.0,0.125,0.3,0.17929491,-15.229855
0.17819081,0.7792247,143,0.09663207,2880.0,2880.0,0.125,0.2,0.17935134,-16.308083
0.17797528,0.7796239,144,0.0965408,2900.0,2900.0,0.125,0.32499999999999996,0.17940122,-14.388227
0.1778035,0.7798672,145,0.096434504,2920.0,2920.0,0.15000000000000002,0.2,0.17944273,-17.727325
0.17779173,0.7800923,146,0.09638275,2940.0,2940.0,0.2,0.25,0.17950019,-17.416885
0.17787613,0.7804454,147,0.09632161,2960.0,2960.0,0.07500000000000001,0.25,0.17955562,-17.111464
0.17771484,0.7806731,148,0.09624611,2980.0,2980.0,0.15000000000000002,0.375,0.17962456,-14.802285
0.17757976,0.78090113,149,0.09618807,3000.0,3000.0,0.075,0.30000000000000004,0.1797029,-15.482676
0.17765927,0.78114897,150,0.096264735,3020.0,3020.0,0.2,0.275,0.17975909,-16.350777
0.17747699,0.7815457,151,0.09625397,3040.0,3040.0,0.07500000000000001,0.425,0.17985526,-14.484775
0.17749035,0.78181076,152,0.09637115,3060.0,3060.0,0.125,0.275,0.1798982,-14.855181
0.17730297,0.78209186,153,0.09640802,3080.0,3080.0,0.07500000000000001,0.225,0.17995396,-14.754061
0.17715001,0.7823339,154,0.096303664,3100.0,3100.0,0.15000000000000002,0.3,0.18000725,-14.080319
0.17705758,0.78253794,155,0.09620038,3120.0,3120.0,0.07500000000000001,0.625,0.18003152,-10.513018
0.17687446,0.7828052,156,0.09609291,3140.0,3140.0,0.125,0.275,0.18006487,-16.388725
0.17669715,0.783027,157,0.09599146,3160.0,3160.0,0.07500000000000001,0.4,0.18008925,-13.608789
0.17664726,0.78319234,158,0.09609494,3180.0,3180.0,0.125,0.45,0.18011849,-12.405155
0.17661397,0.7834976,159,0.09619389,3200.0,3200.0,0.15,0.275,0.1801401,-15.177509
0.17658888,0.7837033,160,0.09614077,3220.0,3220.0,0.1,0.275,0.18017195,-14.22839
0.17673312,0.7840364,161,0.09610662,3240.0,3240.0,0.15000000000000002,0.375,0.18024579,-15.887813
0.17665815,0.7841585,162,0.0961456,3260.0,3260.0,0.05,0.4,0.18028389,-13.42185
0.17670362,0.7842671,163,0.09610503,3280.0,3280.0,0.175,0.525,0.1803158,-12.424873
0.1767711,0.7845607,164,0.09619308,3300.0,3300.0,0.05,0.275,0.18038602,-14.861799
0.17663962,0.7848154,165,0.096138515,3320.0,3320.0,0.175,0.25,0.18046099,-14.334024
0.176591,0.78502876,166,0.09608823,3340.0,3340.0,0.225,0.275,0.1805099,-15.986537
0.17645954,0.7852194,167,0.09602905,3360.0,3360.0,0.22499999999999998,0.25,0.18053313,-14.977176
0.1763982,0.7854755,168,0.09606606,3380.0,3380.0,0.07500000000000001,0.25,0.1806134,-15.967511
0.17625445,0.78579503,169,0.09603824,3400.0,3400.0,0.175,0.3,0.18070234,-16.07906
0.17605825,0.78596854,170,0.095994085,3420.0,3420.0,0.22499999999999998,0.3,0.18073867,-15.033724
0.17597423,0.7862861,171,0.09597741,3440.0,3440.0,0.1,0.025,0.18077539,-16.978096
0.17585485,0.7865264,172,0.095927745,3460.0,3460.0,0.175,0.275,0.18082483,-16.66497
0.17586808,0.78668594,173,0.095879145,3480.0,3480.0,0.2,0.425,0.18087083,-13.690941
0.17567064,0.7868178,174,0.095814936,3500.0,3500.0,0.2,0.35,0.18089116,-15.541948
0.17546153,0.78699774,175,0.09574484,3520.0,3520.0,0.125,0.22499999999999998,0.18092218,-16.55351
0.1753544,0.7871416,176,0.095674604,3540.0,3540.0,0.1,0.35,0.18095562,-12.771577
0.17532237,0.7873662,177,0.09564189,3560.0,3560.0,0.2,0.32499999999999996,0.18098953,-13.256363
0.17515005,0.787595,178,0.0956206,3580.0,3580.0,0.175,0.30000000000000004,0.18102072,-13.950899
0.17504694,0.7878204,179,0.095580906,3600.0,3600.0,0.1,0.4,0.18107153,-14.266678
0.17510544,0.7881965,180,0.09578642,3620.0,3620.0,0.125,0.275,0.18114077,-15.313594
0.1751238,0.78853655,181,0.09579625,3640.0,3640.0,0.1,0.15,0.18117824,-16.15318
0.17512764,0.7887003,182,0.09577264,3660.0,3660.0,0.15,0.4,0.18122211,-13.93425
0.17506309,0.7888128,183,0.09580371,3680.0,3680.0,0.175,0.425,0.18123162,-13.206614
0.17508031,0.78904104,184,0.09580478,3700.0,3700.0,0.275,0.2,0.18128526,-16.901703
0.17503776,0.78923863,185,0.095831215,3720.0,3720.0,0.07500000000000001,0.275,0.18132427,-15.468273
0.17497921,0.7894588,186,0.09581164,3740.0,3740.0,0.275,0.35,0.18137494,-13.846629
0.1749299,0.7896238,187,0.0957838,3760.0,3760.0,0.225,0.3,0.18143062,-16.88519
0.17475872,0.7898516,188,0.09573226,3780.0,3780.0,0.22499999999999998,0.475,0.18148951,-11.950394
0.17450301,0.78997,189,0.09564625,3800.0,3800.0,0.25,0.30000000000000004,0.18150166,-13.114844
0.17443077,0.7902682,190,0.09561768,3820.0,3820.0,0.2,0.5,0.18154785,-11.934374
0.17428493,0.7904839,191,0.09561934,3840.0,3840.0,0.1,0.575,0.18155849,-12.048687
0.17418455,0.7906769,192,0.095561735,3860.0,3860.0,0.25,0.3,0.18159533,-13.080775
0.17406195,0.7909433,193,0.09553317,3880.0,3880.0,0.225,0.525,0.18164572,-12.786446
0.17390972,0.79118234,194,0.09548261,3900.0,3900.0,0.175,0.375,0.18166117,-15.410095
0.17381997,0.79143715,195,0.09542629,3920.0,3920.0,0.125,0.45,0.18167919,-12.015711
0.17381583,0.7915942,196,0.0953937,3940.0,3940.0,0.07500000000000001,0.225,0.18167704,-16.283146
0.17376369,0.7917629,197,0.095344245,3960.0,3960.0,0.125,0.375,0.181702,-14.373914
0.17361547,0.79186445,198,0.09530452,3980.0,3980.0,0.15,0.45,0.18170968,-11.927923
0.1734817,0.79204196,199,0.09524929,4000.0,4000.0,0.15000000000000002,0.375,0.18173482,-14.756186
0.17331322,0.7922334,200,0.09526815,4020.0,4020.0,0.225,0.32499999999999996,0.18177304,-14.383199
0.1733362,0.7924223,201,0.09524972,4040.0,4040.0,0.1,0.47500000000000003,0.18179238,-11.892751
0.17327356,0.7925857,202,0.09522639,4060.0,4060.0,0.125,0.30000000000000004,0.1818176,-13.85198
0.17334275,0.79269814,203,0.095215246,4080.0,4080.0,0.175,0.4,0.18183747,-13.99252
0.17331795,0.7929692,204,0.09515626,4100.0,4100.0,0.15,0.375,0.18187545,-14.591773
0.17316575,0.7930681,205,0.09513872,4120.0,4120.0,0.05,0.35,0.18190481,-15.192941
0.17298888,0.7932432,206,0.095069334,4140.0,4140.0,0.15000000000000002,0.475,0.1819266,-13.209255
0.17297511,0.7934467,207,0.09509654,4160.0,4160.0,0.15,0.32499999999999996,0.18197577,-15.925132
0.17287421,0.7936693,208,0.09503013,4180.0,4180.0,0.25,0.275,0.18203123,-15.796989
0.17281646,0.7939468,209,0.094966404,4200.0,4200.0,0.175,0.4,0.1820815,-13.340424
0.17269365,0.7941213,210,0.094913594,4220.0,4220.0,0.07500000000000001,0.325,0.1820971,-15.293204
0.1726733,0.7942813,211,0.094943345,4240.0,4240.0,0.1,0.275,0.1821042,-15.917656
0.17256765,0.79439163,212,0.09493558,4260.0,4260.0,0.125,0.525,0.18213995,-13.727992
0.17246614,0.7945452,213,0.09487547,4280.0,4280.0,0.25,0.475,0.18218267,-13.357997
0.17240621,0.7946515,214,0.09486063,4300.0,4300.0,0.225,0.325,0.18219203,-16.479029
0.17241402,0.794842,215,0.09494127,4320.0,4320.0,0.175,0.3,0.1822386,-14.638089
0.17229097,0.79503614,216,0.094880745,4340.0,4340.0,0.2,0.45,0.18229376,-12.619881
0.17215545,0.79518455,217,0.09480714,4360.0,4360.0,0.1,0.375,0.18233223,-14.064276
0.17198431,0.79542375,218,0.094714224,4380.0,4380.0,0.25,0.44999999999999996,0.18238848,-15.8794
0.17198579,0.7954976,219,0.094744004,4400.0,4400.0,0.1,0.35,0.182416,-15.677305
0.17191549,0.79567766,220,0.094848506,4420.0,4420.0,0.125,0.175,0.18242449,-19.545963
0.17191182,0.7958157,221,0.09481392,4440.0,4440.0,0.175,0.3,0.1824748,-15.383099
0.17177778,0.7960017,222,0.09475695,4460.0,4460.0,0.15,0.3,0.18250157,-14.863538
0.17173602,0.79617053,223,0.09473757,4480.0,4480.0,0.125,0.2,0.18251982,-19.348492
0.17171806,0.79638714,224,0.09471082,4500.0,4500.0,0.15,0.4,0.18256404,-16.266285
0.17163002,0.7966196,225,0.094763316,4520.0,4520.0,0.275,0.475,0.18261428,-15.750527
0.17149727,0.7967716,226,0.09471879,4540.0,4540.0,0.2,0.575,0.18265127,-12.288656
0.1713743,0.7969876,227,0.09468403,4560.0,4560.0,0.125,0.25,0.18268836,-13.959663
0.17128243,0.79715747,228,0.09469469,4580.0,4580.0,0.125,0.4,0.18269832,-12.760929
0.1713612,0.79725116,229,0.094805986,4600.0,4600.0,0.15,0.42500000000000004,0.18272251,-15.090051
0.17124617,0.7973705,230,0.09479553,4620.0,4620.0,0.25,0.425,0.18275686,-14.347599
0.17111059,0.7975783,231,0.09474267,4640.0,4640.0,0.25,0.3,0.18278328,-16.34218
0.17127539,0.79771394,232,0.09475542,4660.0,4660.0,0.05,0.375,0.18281406,-15.928801
0.17116953,0.79794526,233,0.09479728,4680.0,4680.0,0.125,0.375,0.1828183,-15.214292
0.17117958,0.7981122,234,0.09487357,4700.0,4700.0,0.1,0.4,0.18284602,-12.938634
0.1712559,0.79831934,235,0.094891556,4720.0,4720.0,0.07500000000000001,0.25,0.18289062,-14.040181
0.17114894,0.7985169,236,0.0948351,4740.0,4740.0,0.2,0.3,0.18291564,-15.70439
0.17119658,0.798645,237,0.09495349,4760.0,4760.0,0.15000000000000002,0.45,0.18293107,-14.066004
0.171049,0.7988553,238,0.094921395,4780.0,4780.0,0.15000000000000002,0.30000000000000004,0.18298006,-16.170296
0.17118414,0.7990888,239,0.09506221,4800.0,4800.0,0.1,0.3,0.18303245,-17.418125
0.17113817,0.7992999,240,0.0951485,4820.0,4820.0,0.125,0.4,0.18305811,-14.6329365
0.171291,0.79937077,241,0.095217235,4840.0,4840.0,0.125,0.55,0.1830684,-13.817757
0.17138661,0.79952234,242,0.09531624,4860.0,4860.0,0.175,0.45,0.18309724,-12.690596
0.17143762,0.7996435,243,0.095370844,4880.0,4880.0,0.15,0.3,0.18312454,-16.737988
0.17160054,0.7998204,244,0.09543828,4900.0,4900.0,0.125,0.375,0.18314809,-14.288281
0.17163064,0.7999446,245,0.09542912,4920.0,4920.0,0.2,0.4,0.18317115,-16.37026
0.17167175,0.80016416,246,0.09551552,4940.0,4940.0,0.125,0.4,0.1832063,-13.81745
0.17173035,0.80038816,247,0.09560466,4960.0,4960.0,0.2,0.425,0.18324314,-14.028496
0.17171723,0.80057096,248,0.095696114,4980.0,4980.0,0.125,0.30000000000000004,0.18328485,-16.193459
0.17179395,0.8008306,249,0.09572629,5000.0,5000.0,0.07500000000000001,0.32499999999999996,0.18330675,-16.52311
0.17173682,0.80103606,250,0.095702305,5020.0,5020.0,0.22499999999999998,0.42500000000000004,0.18333231,-14.505089
0.17180283,0.8011249,251,0.095849514,5040.0,5040.0,0.175,0.325,0.18334362,-15.578985
0.17185469,0.8011596,252,0.09589887,5060.0,5060.0,0.175,0.32499999999999996,0.18335953,-16.841833
0.17184937,0.8013299,253,0.09595233,5080.0,5080.0,0.225,0.675,0.18339425,-10.470993
0.1718244,0.8015933,254,0.0959835,5100.0,5100.0,0.15,0.325,0.18344636,-12.9687
0.17179161,0.80174065,255,0.096038714,5120.0,5120.0,0.125,0.275,0.1834705,-13.589218
0.17179209,0.80189174,256,0.09603241,5140.0,5140.0,0.2,0.375,0.1835221,-16.752758
0.17183067,0.80211085,257,0.09604587,5160.0,5160.0,0.075,0.35,0.18357038,-14.736383
0.17180061,0.8022725,258,0.09602675,5180.0,5180.0,0.225,0.45,0.18361574,-12.602737
0.17174532,0.80244654,259,0.09605386,5200.0,5200.0,0.15,0.42500000000000004,0.1836366,-14.983777
0.17160274,0.8025689,260,0.096053034,5220.0,5220.0,0.30000000000000004,0.475,0.18365692,-11.67286
0.17159557,0.8027482,261,0.096059926,5240.0,5240.0,0.15000000000000002,0.35,0.18368937,-15.963308
0.17148991,0.8028783,262,0.096084096,5260.0,5260.0,0.15,0.35,0.18371452,-16.282894
0.1716549,0.80302566,263,0.09608967,5280.0,5280.0,0.125,0.32499999999999996,0.18372738,-17.299152
0.17168199,0.8031058,264,0.09616362,5300.0,5300.0,0.175,0.3,0.18376383,-13.99418
0.17178036,0.80318195,265,0.09628493,5320.0,5320.0,0.175,0.45,0.18378086,-13.297364
0.17174725,0.8033232,266,0.09627206,5340.0,5340.0,0.2,0.325,0.1837841,-18.144272
0.17184705,0.80347824,267,0.09633831,5360.0,5360.0,0.15000000000000002,0.55,0.1837734,-12.518923
0.17181863,0.80357426,268,0.0963886,5380.0,5380.0,0.2,0.2,0.18378966,-18.49022
0.17190146,0.80367416,269,0.09639266,5400.0,5400.0,0.175,0.5,0.18380539,-15.146275
0.171921,0.8037612,270,0.096478455,5420.0,5420.0,0.125,0.4,0.1838413,-14.595739
0.1719196,0.8037963,271,0.09656013,5440.0,5440.0,0.275,0.5,0.18384694,-13.00319
0.17187898,0.804023,272,0.096609086,5460.0,5460.0,0.15,0.375,0.18389237,-17.153511
0.17216076,0.8040808,273,0.09681261,5480.0,5480.0,0.125,0.375,0.18390273,-13.362414
0.17214155,0.80423975,274,0.09694379,5500.0,5500.0,0.15000000000000002,0.375,0.183946,-13.514311
0.17223065,0.804238,275,0.0970132,5520.0,5520.0,0.07500000000000001,0.375,0.18395215,-17.567253
0.17228611,0.8042452,276,0.09711763,5540.0,5540.0,0.125,0.32499999999999996,0.18393564,-16.091593
0.17234266,0.80421495,277,0.09721158,5560.0,5560.0,0.125,0.3,0.18394871,-16.000086
0.17242758,0.80420953,278,0.09732462,5580.0,5580.0,0.15000000000000002,0.3,0.18395525,-15.893605
0.17250174,0.8042657,279,0.09747079,5600.0,5600.0,0.1,0.25,0.18395776,-16.378887
0.17252736,0.80426985,280,0.097514875,5620.0,5620.0,0.05,0.22499999999999998,0.18397638,-14.641301
0.17270242,0.80435663,281,0.09758882,5640.0,5640.0,0.125,0.275,0.18397924,-14.868507
0.17267786,0.8044242,282,0.09761285,5660.0,5660.0,0.3,0.375,0.18398617,-15.681227
0.1726193,0.8044371,283,0.09771282,5680.0,5680.0,0.175,0.2,0.18398832,-16.310883
0.17263949,0.8044146,284,0.09771569,5700.0,5700.0,0.225,0.3,0.1840021,-15.425972
0.17267738,0.8044974,285,0.09777883,5720.0,5720.0,0.125,0.4,0.18401057,-13.642471
0.17271698,0.8044637,286,0.09783814,5740.0,5740.0,0.125,0.4,0.18398519,-13.929391
0.17271863,0.8045295,287,0.097819425,5760.0,5760.0,0.125,0.42500000000000004,0.18399033,-12.665123
0.17267334,0.8045184,288,0.09787409,5780.0,5780.0,0.15000000000000002,0.325,0.18399471,-13.520588
0.17273359,0.80453247,289,0.098051794,5800.0,5800.0,0.175,0.4,0.18398508,-15.682445
0.17293441,0.8045919,290,0.09817054,5820.0,5820.0,0.1,0.25,0.18401825,-17.689642
0.17294581,0.8045783,291,0.098161936,5840.0,5840.0,0.22499999999999998,0.4,0.18401144,-13.37789
0.17292182,0.80472916,292,0.09814818,5860.0,5860.0,0.175,0.44999999999999996,0.18403913,-14.62432
0.17294848,0.80478686,293,0.098182075,5880.0,5880.0,0.125,0.45,0.18406807,-12.261171
0.17298774,0.8048506,294,0.098347865,5900.0,5900.0,0.07500000000000001,0.35,0.18405512,-16.208176
0.17304002,0.80497044,295,0.09843111,5920.0,5920.0,0.1,0.525,0.1840763,-12.103687
0.17303918,0.8051149,296,0.09841599,5940.0,5940.0,0.1,0.5,0.18410426,-12.856796
0.1731707,0.8051443,297,0.09848304,5960.0,5960.0,0.2,0.32499999999999996,0.18411383,-16.684391
0.1732511,0.80525273,298,0.09854757,5980.0,5980.0,0.07500000000000001,0.35,0.1841631,-13.980377
0.17330672,0.80535465,299,0.098548934,6000.0,6000.0,0.15,0.375,0.18417813,-13.92465
0.17327572,0.805489,300,0.098531224,6020.0,6020.0,0.2,0.275,0.18418509,-16.840734
0.17332764,0.80551296,301,0.0985475,6040.0,6040.0,0.15000000000000002,0.55,0.1841937,-11.117378
0.17330945,0.8056087,302,0.0985155,6060.0,6060.0,0.175,0.4,0.18419741,-13.664074
0.1732989,0.805648,303,0.09849871,6080.0,6080.0,0.1,0.475,0.18420662,-14.717139
0.17319578,0.80574685,304,0.098493986,6100.0,6100.0,0.125,0.5,0.18422353,-12.552051
0.17316349,0.80581945,305,0.09847804,6120.0,6120.0,0.125,0.55,0.18424274,-11.200719
0.17308803,0.80593413,306,0.09842589,6140.0,6140.0,0.125,0.32499999999999996,0.18425062,-15.876157
0.17308544,0.80597,307,0.098459825,6160.0,6160.0,0.15000000000000002,0.55,0.18423626,-11.152123
0.17296524,0.80608636,308,0.09844119,6180.0,6180.0,0.175,0.35,0.18423943,-17.242783
0.17294975,0.80614644,309,0.098414995,6200.0,6200.0,0.1,0.42500000000000004,0.18424033,-14.383425
0.17286153,0.8062365,310,0.098383404,6220.0,6220.0,0.07500000000000001,0.525,0.1842516,-12.559414
0.1727715,0.80634385,311,0.09843094,6240.0,6240.0,0.125,0.4,0.18427044,-13.652369
0.17277384,0.8064273,312,0.09845283,6260.0,6260.0,0.2,0.5,0.18430136,-13.364447
0.17279357,0.8064975,313,0.098514654,6280.0,6280.0,0.125,0.45,0.18432513,-12.973729
0.17284477,0.80654484,314,0.09855294,6300.0,6300.0,0.07500000000000001,0.375,0.18433252,-14.650604
0.17272379,0.80663496,315,0.09850359,6320.0,6320.0,0.125,0.3,0.18434921,-15.31455
0.17274673,0.8067085,316,0.09852752,6340.0,6340.0,0.07500000000000001,0.4,0.1843521,-15.389492
0.172832,0.80680436,317,0.09856811,6360.0,6360.0,0.15,0.4,0.18435122,-13.040622
0.17285717,0.8069165,318,0.098554924,6380.0,6380.0,0.075,0.42500000000000004,0.18435735,-12.736757
0.17287438,0.80699205,319,0.098588765,6400.0,6400.0,0.15000000000000002,0.35,0.18436989,-13.411308
0.1728539,0.80708843,320,0.09856254,6420.0,6420.0,0.2,0.4,0.18438844,-13.529373
0.17278107,0.8072235,321,0.098582484,6440.0,6440.0,0.125,0.5,0.18442747,-12.758044
0.17272376,0.8073128,322,0.098574035,6460.0,6460.0,0.2,0.525,0.18444417,-13.78921
0.17277502,0.807401,323,0.0986171,6480.0,6480.0,0.1,0.525,0.18444097,-13.173437
0.17277206,0.80749774,324,0.09864198,6500.0,6500.0,0.1,0.375,0.18447366,-14.336405
0.17278652,0.8075042,325,0.098758526,6520.0,6520.0,0.125,0.3,0.18446752,-15.340244
0.17282939,0.8075734,326,0.09875268,6540.0,6540.0,0.07500000000000001,0.525,0.18446971,-10.763405
0.1728034,0.8076396,327,0.09873151,6560.0,6560.0,0.05,0.55,0.18449898,-11.4223385
0.17283756,0.8076565,328,0.09876351,6580.0,6580.0,0.125,0.375,0.18449825,-13.41018
0.17278576,0.80776066,329,0.09872684,6600.0,6600.0,0.225,0.35,0.18450907,-13.694673
0.17270805,0.8078297,330,0.09873629,6620.0,6620.0,0.25,0.55,0.18449832,-14.070805
0.17262143,0.8079005,331,0.09869735,6640.0,6640.0,0.05,0.3,0.18450232,-14.550243
0.17250496,0.8079272,332,0.098670475,6660.0,6660.0,0.1,0.35,0.18449585,-14.018674
0.17251693,0.8080058,333,0.09872298,6680.0,6680.0,0.125,0.4,0.18452753,-13.843674
0.17253828,0.8081022,334,0.09874156,6700.0,6700.0,0.07500000000000001,0.375,0.18455192,-13.339998
0.17254007,0.8081003,335,0.09877099,6720.0,6720.0,0.125,0.4,0.18455805,-13.265808
0.17247318,0.8082047,336,0.09882781,6740.0,6740.0,0.2,0.5,0.18457271,-10.659216
0.17243522,0.8083327,337,0.098805495,6760.0,6760.0,0.175,0.5,0.18460302,-12.835522
0.17250413,0.808353,338,0.09894161,6780.0,6780.0,0.07500000000000001,0.4,0.18462086,-14.857145
0.17257333,0.8084201,339,0.098924436,6800.0,6800.0,0.175,0.275,0.18464401,-14.540556
0.17253888,0.80855626,340,0.09894017,6820.0,6820.0,0.2,0.6,0.18465526,-11.071043
0.17256774,0.80866235,341,0.09894373,6840.0,6840.0,0.175,0.4,0.18465771,-13.906586
0.17262083,0.8087208,342,0.09897409,6860.0,6860.0,0.125,0.475,0.1846618,-12.593295
0.1726381,0.8088066,343,0.09895544,6880.0,6880.0,0.2,0.525,0.18467815,-12.0584755
0.17268753,0.80883884,344,0.099029325,6900.0,6900.0,0.075,0.42500000000000004,0.18469122,-14.236022
0.17270403,0.8088839,345,0.09910133,6920.0,6920.0,0.07500000000000001,0.45,0.1847103,-13.181668
0.1725927,0.80897117,346,0.09906688,6940.0,6940.0,0.1,0.625,0.18472275,-12.115552
0.17255276,0.80905056,347,0.09905164,6960.0,6960.0,0.2,0.525,0.184746,-11.726761
0.17259498,0.80905795,348,0.099079005,6980.0,6980.0,0.15,0.6,0.18475409,-9.780857
0.17258073,0.8090616,349,0.099075526,7000.0,7000.0,0.125,0.4,0.18477468,-12.99057
0.17250098,0.80913544,350,0.09904197,7020.0,7020.0,0.1,0.5,0.18479961,-13.773806
0.17247106,0.8091325,351,0.09906087,7040.0,7040.0,0.07500000000000001,0.375,0.18480267,-13.113453
0.17242716,0.8091343,352,0.09906645,7060.0,7060.0,0.2,0.6,0.18479918,-12.958996
0.17238863,0.80918914,353,0.09905628,7080.0,7080.0,0.15000000000000002,0.45,0.18481289,-15.181588
0.17238416,0.80919695,354,0.09915309,7100.0,7100.0,0.15000000000000002,0.25,0.18482149,-15.625242
0.17252946,0.8091419,355,0.09919457,7120.0,7120.0,0.15000000000000002,0.45,0.18483526,-12.917677
0.17252648,0.80919725,356,0.09918407,7140.0,7140.0,0.1,0.5,0.18484636,-12.725784
0.17250568,0.8092026,357,0.09920335,7160.0,7160.0,0.1,0.375,0.18484816,-14.161919
0.17245847,0.80929613,358,0.09921785,7180.0,7180.0,0.225,0.42500000000000004,0.1848626,-13.66477
0.17243175,0.8093731,359,0.09921759,7200.0,7200.0,0.2,0.35,0.18487592,-12.190806
0.17235558,0.8094918,360,0.09917721,7220.0,7220.0,0.05,0.35,0.1849077,-14.658159
0.17234111,0.80956554,361,0.099160664,7240.0,7240.0,0.175,0.42500000000000004,0.18491623,-14.270811
0.17243655,0.8096065,362,0.099254444,7260.0,7260.0,0.1,0.375,0.18493061,-15.407714
0.17240554,0.80960894,363,0.09933373,7280.0,7280.0,0.15,0.55,0.18493259,-10.795804
0.17234172,0.8096488,364,0.09929739,7300.0,7300.0,0.19999999999999998,0.35,0.18494026,-13.321303
0.17224759,0.8097132,365,0.09930911,7320.0,7320.0,0.125,0.475,0.18497331,-11.476739
0.17237496,0.80971295,366,0.09944947,7340.0,7340.0,0.15000000000000002,0.45,0.18498695,-14.237352
0.17235501,0.80977196,367,0.099453,7360.0,7360.0,0.225,0.475,0.18499604,-13.379677
0.17235453,0.809777,368,0.09944762,7380.0,7380.0,0.2,0.275,0.1850083,-15.467393
0.17238458,0.80981225,369,0.099464215,7400.0,7400.0,0.175,0.35,0.1850273,-13.360543
0.17229198,0.80984443,370,0.099460736,7420.0,7420.0,0.07500000000000001,0.425,0.18504138,-14.539518
0.17230457,0.8098803,371,0.09947669,7440.0,7440.0,0.175,0.325,0.18505916,-15.094427
0.17226575,0.80990535,372,0.0994921,7460.0,7460.0,0.2,0.575,0.18506773,-11.010597
0.17233218,0.8099032,373,0.099499024,7480.0,7480.0,0.2,0.3,0.18508074,-13.858587
0.17240572,0.80986977,374,0.099584475,7500.0,7500.0,0.125,0.3,0.18508406,-17.916878
0.1724969,0.8098354,375,0.09964053,7520.0,7520.0,0.1,0.525,0.18508306,-11.467245
0.17257757,0.8098219,376,0.0996734,7540.0,7540.0,0.15000000000000002,0.5,0.18509036,-11.744045
0.17252491,0.80988926,377,0.09966741,7560.0,7560.0,0.175,0.4,0.18510324,-13.085759
0.17246258,0.80990726,378,0.09964616,7580.0,7580.0,0.15000000000000002,0.425,0.18511167,-14.04896
0.17243809,0.8099026,379,0.09963584,7600.0,7600.0,0.15,0.35,0.18511494,-13.943646
0.17251493,0.80996436,380,0.09969541,7620.0,7620.0,0.125,0.55,0.18513551,-13.224529
0.1724677,0.8099849,381,0.09970843,7640.0,7640.0,0.175,0.475,0.18515423,-13.393129
0.1724397,0.81002903,382,0.09972396,7660.0,7660.0,0.125,0.375,0.18517596,-16.337418
0.1725321,0.81004506,383,0.09981414,7680.0,7680.0,0.2,0.4,0.18518378,-12.755367
0.17245257,0.8100746,384,0.0997993,7700.0,7700.0,0.125,0.35,0.1851898,-14.738172
0.17242537,0.8101487,385,0.09984968,7720.0,7720.0,0.125,0.45,0.18522799,-9.619394
0.17241865,0.8102116,386,0.09989302,7740.0,7740.0,0.2,0.3,0.18525709,-16.894367
0.17245342,0.81023216,387,0.09990543,7760.0,7760.0,0.1,0.45,0.1852751,-13.660352
0.17242748,0.81028455,388,0.099921905,7780.0,7780.0,0.2,0.325,0.18529192,-15.426322
0.17247885,0.8103194,389,0.09996846,7800.0,7800.0,0.2,0.45,0.18531023,-11.505909
0.17246437,0.8103583,390,0.09994994,7820.0,7820.0,0.2,0.3,0.18531583,-15.265154
0.17248696,0.81031084,391,0.100040846,7840.0,7840.0,0.07500000000000001,0.4,0.1853006,-13.569289
0.17253824,0.810415,392,0.10005488,7860.0,7860.0,0.15000000000000002,0.42500000000000004,0.18532294,-13.123657
0.17249787,0.8104686,393,0.1000663,7880.0,7880.0,0.05,0.45,0.18533586,-14.594597
0.17254533,0.81052184,394,0.10010079,7900.0,7900.0,0.05,0.475,0.18534704,-14.288736
0.172504,0.81058645,395,0.1001049,7920.0,7920.0,0.125,0.3,0.18535438,-15.913784
0.17251737,0.81058544,396,0.10017413,7940.0,7940.0,0.1,0.55,0.18536286,-11.476136
0.1726024,0.8105419,397,0.10022507,7960.0,7960.0,0.125,0.32499999999999996,0.18536173,-14.708656
0.17258072,0.8105666,398,0.1002525,7980.0,7980.0,0.2,0.5,0.18536077,-12.862556
0.17282431,0.8104767,399,0.100417204,8000.0,8000.0,0.125,0.25,0.18533823,-16.710194
0.17280334,0.810522,400,0.100422725,8020.0,8020.0,0.125,0.5,0.18536013,-11.62952
0.17289303,0.81045794,401,0.1004654,8040.0,8040.0,0.175,0.45,0.1853438,-13.599173
0.17292063,0.8105183,402,0.100484475,8060.0,8060.0,0.1,0.55,0.18536977,-11.147146
0.17298694,0.810507,403,0.10056802,8080.0,8080.0,0.1,0.375,0.18537155,-15.277187
0.17300452,0.8104799,404,0.100655556,8100.0,8100.0,0.175,0.45,0.18538171,-14.961138
0.17307438,0.81043845,405,0.1006956,8120.0,8120.0,0.125,0.4,0.18536395,-13.469629
0.17304312,0.81044984,406,0.100702144,8140.0,8140.0,0.125,0.4,0.18538044,-14.954044
0.17305452,0.81044793,407,0.10069568,8160.0,8160.0,0.2,0.475,0.18539697,-14.767565
0.17325233,0.81040925,408,0.10079482,8180.0,8180.0,0.175,0.55,0.18539013,-12.210919
0.17325301,0.81041497,409,0.10079591,8200.0,8200.0,0.2,0.5,0.18539761,-11.586817
0.17324442,0.81042975,410,0.10083561,8220.0,8220.0,0.25,0.45,0.18539952,-14.278609
0.17326796,0.8104709,411,0.10089404,8240.0,8240.0,0.175,0.47500000000000003,0.18542288,-12.276124
0.17321648,0.81050676,412,0.100926936,8260.0,8260.0,0.07500000000000001,0.44999999999999996,0.18543051,-15.974136
0.17328721,0.8105175,413,0.10095246,8280.0,8280.0,0.125,0.45,0.18542372,-13.380856
0.17322154,0.810565,414,0.10095657,8300.0,8300.0,0.2,0.42500000000000004,0.18542922,-13.553325
0.1732167,0.8106118,415,0.10101178,8320.0,8320.0,0.1,0.2,0.18544935,-17.723238
0.17316657,0.8106393,416,0.10107852,8340.0,8340.0,0.175,0.35,0.18547295,-15.010913
0.1731352,0.81070155,417,0.101097964,8360.0,8360.0,0.2,0.625,0.18548828,-10.0304785
0.17305659,0.810761,418,0.10107085,8380.0,8380.0,0.15000000000000002,0.45,0.1855073,-12.468319
0.1730764,0.8107741,419,0.101117484,8400.0,8400.0,0.2,0.5,0.1855229,-10.568794
0.17320545,0.81077474,420,0.10117009,8420.0,8420.0,0.225,0.375,0.18552612,-13.175246
0.17326033,0.81084293,421,0.10120736,8440.0,8440.0,0.075,0.525,0.18553537,-12.053125
0.17329629,0.8108432,422,0.10127228,8460.0,8460.0,0.15000000000000002,0.525,0.18553905,-12.701103
0.17334406,0.810906,423,0.10132593,8480.0,8480.0,0.2,0.55,0.18554659,-10.42607
0.1734134,0.81091213,424,0.1013951,8500.0,8500.0,0.1,0.35,0.18555264,-13.5472975
0.17348047,0.8109245,425,0.1014504,8520.0,8520.0,0.075,0.375,0.18555853,-11.947617
0.17358132,0.8109425,426,0.10154035,8540.0,8540.0,0.175,0.4,0.18557574,-13.537504
0.17365061,0.81096476,427,0.101579435,8560.0,8560.0,0.07500000000000001,0.5,0.18558292,-11.52232
0.17363732,0.8109417,428,0.10161062,8580.0,8580.0,0.225,0.55,0.18557744,-10.064775
0.1736201,0.8109679,429,0.1016109,8600.0,8600.0,0.125,0.47500000000000003,0.18559521,-12.267636
0.17359294,0.81104517,430,0.10160856,8620.0,8620.0,0.125,0.3,0.18559669,-13.972989
0.17358595,0.8110671,431,0.10165906,8640.0,8640.0,0.125,0.47500000000000003,0.1855951,-13.589335
0.17361034,0.81109315,432,0.10168303,8660.0,8660.0,0.125,0.4,0.18560377,-12.0604
0.1735764,0.8111538,433,0.101763695,8680.0,8680.0,0.07500000000000001,0.47500000000000003,0.18563037,-12.968241
0.17358947,0.8111809,434,0.10179338,8700.0,8700.0,0.175,0.55,0.1856389,-10.770826
0.17366993,0.81121534,435,0.10186349,8720.0,8720.0,0.2,0.4,0.18565102,-15.225345
0.1736842,0.81120515,436,0.101898916,8740.0,8740.0,0.22499999999999998,0.4,0.18565816,-10.929054
0.17366545,0.8112326,437,0.101916224,8760.0,8760.0,0.25,0.5,0.18565479,-11.665094
0.17362012,0.8112567,438,0.101999275,8780.0,8780.0,0.1,0.4,0.18565853,-13.073351
0.17361294,0.8112833,439,0.10200626,8800.0,8800.0,0.175,0.375,0.1856705,-12.704374
0.17359513,0.81134766,440,0.10199941,8820.0,8820.0,0.225,0.375,0.18568432,-13.101082
0.17365105,0.8113485,441,0.10201232,8840.0,8840.0,0.15,0.5,0.18569115,-10.2191925
0.17366607,0.8114051,442,0.102075756,8860.0,8860.0,0.07500000000000001,0.5,0.18569611,-12.68858
0.17367168,0.8114709,443,0.10210866,8880.0,8880.0,0.1,0.275,0.18571179,-16.988792
0.1736834,0.81153566,444,0.102176405,8900.0,8900.0,0.175,0.25,0.18573016,-14.317437
0.17373906,0.81157047,445,0.1022214,8920.0,8920.0,0.07500000000000001,0.42500000000000004,0.1857409,-13.510961
0.17376162,0.8115433,446,0.102246836,8940.0,8940.0,0.05,0.35,0.18573588,-12.338034
0.17377035,0.8116142,447,0.10228178,8960.0,8960.0,0.05,0.6,0.18575816,-10.724506
0.17380327,0.811635,448,0.10235296,8980.0,8980.0,0.15,0.375,0.18577522,-12.857807
0.17380233,0.8116656,449,0.10240953,9000.0,9000.0,0.125,0.625,0.1857741,-9.681995
0.17377919,0.8117263,450,0.102409735,9020.0,9020.0,0.30000000000000004,0.4,0.185815,-13.345246
0.17373441,0.8117457,451,0.1024237,9040.0,9040.0,0.1,0.32499999999999996,0.18583088,-13.273387
0.17378841,0.81174487,452,0.102484085,9060.0,9060.0,0.15,0.4,0.1858332,-12.290472
0.17381625,0.8117871,453,0.10250115,9080.0,9080.0,0.175,0.275,0.18583673,-12.363862
0.17378275,0.81181693,454,0.10253825,9100.0,9100.0,0.175,0.525,0.18585138,-11.210146
0.17385201,0.81184405,455,0.10260118,9120.0,9120.0,0.15,0.675,0.18583918,-10.023945
0.17381598,0.8118264,456,0.10263795,9140.0,9140.0,0.15,0.2,0.18583687,-14.090351
0.17381783,0.8118849,457,0.102677315,9160.0,9160.0,0.25,0.45,0.1858456,-13.48698
0.17375903,0.8119092,458,0.10268652,9180.0,9180.0,0.07500000000000001,0.47500000000000003,0.18585534,-12.197033
0.17380305,0.81189936,459,0.10277081,9200.0,9200.0,0.125,0.425,0.18584599,-12.725482
0.17381503,0.8119459,460,0.10279815,9220.0,9220.0,0.175,0.625,0.18585941,-9.487318
0.17381142,0.811943,461,0.102793306,9240.0,9240.0,0.175,0.475,0.18586479,-11.498539
0.1737224,0.8119878,462,0.102781445,9260.0,9260.0,0.275,0.625,0.18588507,-10.156612
0.17371194,0.8119838,463,0.10275509,9280.0,9280.0,0.225,0.375,0.185894,-12.199371
0.17382668,0.81194687,464,0.10280516,9300.0,9300.0,0.175,0.32499999999999996,0.18589792,-12.364109
0.1738957,0.81194925,465,0.10286456,9320.0,9320.0,0.225,0.375,0.18591076,-11.349097
0.17385261,0.8120074,466,0.10285156,9340.0,9340.0,0.225,0.275,0.18593828,-16.370403
0.17391141,0.8119411,467,0.10285893,9360.0,9360.0,0.125,0.47500000000000003,0.18592724,-13.962173
0.17395563,0.8119655,468,0.10288394,9380.0,9380.0,0.175,0.4,0.18593235,-12.569105
0.17395113,0.81194466,469,0.10286618,9400.0,9400.0,0.3,0.425,0.18593551,-13.103373
0.17393553,0.8119523,470,0.10286353,9420.0,9420.0,0.2,0.5,0.18594703,-11.847233
0.17408882,0.8119181,471,0.10291287,9440.0,9440.0,0.275,0.42500000000000004,0.18593034,-13.279983
0.17411762,0.8119487,472,0.10292573,9460.0,9460.0,0.1,0.55,0.18593997,-11.758348
0.17415316,0.81195885,473,0.102975056,9480.0,9480.0,0.175,0.5,0.18594322,-11.206209
0.17415929,0.8119839,474,0.10297766,9500.0,9500.0,0.2,0.35,0.185953,-12.938295
0.17409259,0.8119617,475,0.102952585,9520.0,9520.0,0.375,0.45,0.18595766,-11.700314
0.1741118,0.8119921,476,0.10301179,9540.0,9540.0,0.1,0.525,0.18596444,-11.828173
0.17404799,0.8120038,477,0.10299039,9560.0,9560.0,0.3,0.525,0.18597241,-11.347681
0.1740443,0.81203485,478,0.103036314,9580.0,9580.0,0.25,0.525,0.1859801,-10.645489
0.17404933,0.8120225,479,0.10305394,9600.0,9600.0,0.22499999999999998,0.375,0.18597646,-15.356407
0.17410445,0.8120134,480,0.10311625,9620.0,9620.0,0.175,0.55,0.18597241,-10.493557
0.17406674,0.81204396,481,0.103159286,9640.0,9640.0,0.22499999999999998,0.575,0.18598086,-11.814281
0.17414348,0.81206614,482,0.10321812,9660.0,9660.0,0.2,0.425,0.18599328,-13.251217
0.17407972,0.8120859,483,0.103207596,9680.0,9680.0,0.125,0.475,0.18600126,-13.650834
0.17404254,0.8121104,484,0.10318978,9700.0,9700.0,0.175,0.4,0.18602113,-13.547371
0.17410028,0.81206846,485,0.103218794,9720.0,9720.0,0.25,0.55,0.18601887,-8.723824
0.17414676,0.81204814,486,0.10322142,9740.0,9740.0,0.25,0.47500000000000003,0.18602434,-11.771917
0.17413527,0.81205034,487,0.103232384,9760.0,9760.0,0.2,0.375,0.1860362,-11.804649
0.1740842,0.8121349,488,0.10321631,9780.0,9780.0,0.125,0.525,0.18605492,-13.199894
0.17404272,0.8121572,489,0.103201635,9800.0,9800.0,0.2,0.625,0.18604924,-10.692032
0.17406543,0.8121384,490,0.103209026,9820.0,9820.0,0.175,0.4,0.1860473,-13.2738
0.17408578,0.8121523,491,0.10328818,9840.0,9840.0,0.125,0.6000000000000001,0.18606044,-11.405888
0.17411079,0.8121254,492,0.103323184,9860.0,9860.0,0.175,0.475,0.18606211,-10.702896
0.17408012,0.8121268,493,0.10332181,9880.0,9880.0,0.175,0.525,0.18607011,-11.041973
0.17412376,0.81212455,494,0.10339099,9900.0,9900.0,0.15,0.47500000000000003,0.18606575,-12.372566
0.17413612,0.8121187,495,0.10340743,9920.0,9920.0,0.2,0.375,0.18607883,-15.05124
0.17415784,0.8121123,496,0.103448346,9940.0,9940.0,0.1,0.575,0.18607083,-9.678911
0.17409314,0.8121348,497,0.103425674,9960.0,9960.0,0.125,0.5,0.18607758,-13.034807
0.17414449,0.81216097,498,0.10345746,9980.0,9980.0,0.2,0.575,0.18608394,-10.773371
0.17408843,0.8122139,499,0.103504054,10000.0,10000.0,0.125,0.5,0.18608992,-11.116283
